0.4401245,0.2838031,4.1914306
0.5413730,0.3195273,4.1234750
0.6416823,0.3591077,4.0555194
0.7406317,0.4025066,3.9533021
0.8378002,0.4496866,3.8279129
0.9327669,0.5006100,3.7269104
1.0251110,0.5552394,3.5350899
1.1144115,0.6135372,3.4453647
1.2002476,0.6754658,3.3707929
1.2821984,0.7409877,3.2773532
1.3598429,0.8100654,3.1756550
1.4327603,0.8826613,3.0540101
1.5005297,0.9587378,3.0159398
1.5627302,1.0382574,2.9925794
1.6189409,1.1211826,2.9692191
1.6687409,1.2074757,2.9684580
1.7117093,1.2970994,2.9712938
1.7475492,1.3899683,2.9749928
1.7764279,1.4858195,2.9782948
1.7986208,1.5843482,2.9797964
1.8144035,1.6852498,2.9853704
1.8240515,1.7882197,2.9988990
1.8278402,1.8929531,3.0313346
1.8260453,1.9991453,3.0829432
1.8189421,2.1064918,3.1515595
1.8068064,2.2146879,3.2291547
1.7899135,2.3234288,3.3089741
1.7685391,2.4324099,3.3893072
1.7429585,2.5413266,3.4641190
1.7134474,2.6498742,3.5380616
1.6802813,2.7577479,3.6072420
1.6437349,2.8646440,3.6753240
1.6040107,2.9703230,3.7406636
1.5611846,3.0746595,3.8044608
1.5153196,3.1775396,3.8663257
1.4664784,3.2788493,3.9252658
1.4147241,3.3784748,3.9822704
1.3601194,3.4763020,4.0335387
1.3027273,3.5722170,4.0829924
1.2426107,3.6661060,4.1226877
1.1798325,3.7578549,4.1605175
1.1144556,3.8473499,4.1862406
1.0465429,3.9344770,4.2086851
0.9761572,4.0191224,4.2203682
0.9033615,4.1011720,4.2274553
0.8282187,4.1805119,4.2274017
0.7507917,4.2570283,4.2255289
0.6711434,4.3306071,4.2221663
0.5893366,4.4011346,4.2206882
0.5054343,4.4684966,4.2199875
0.4194993,4.5325793,4.2238291
0.3315946,4.5932688,4.2285317
0.2417831,4.6504512,4.2394866
0.1501276,4.7040124,4.2514604
0.0566911,4.7538386,4.2679670
-0.0384636,4.7998159,4.2860237
-0.1352735,4.8418303,4.3070713
-0.2336757,4.8797679,4.3298848
-0.3336074,4.9135148,4.3544688
-0.4350057,4.9429570,4.3806236
-0.5378076,4.9679807,4.4075942
-0.6419461,4.9885131,4.4358272
-0.7473247,5.0047716,4.4643434
-0.8538343,5.0170971,4.4937869
-0.9613660,5.0258312,4.5232892
-1.0698105,5.0313154,4.5530196
-1.1790589,5.0338911,4.5825595
-1.2890021,5.0339000,4.6116345
-1.3995309,5.0316835,4.6395359
-1.5105364,5.0275831,4.6659919
-1.6219093,5.0219403,4.6884608
-1.7335408,5.0150967,4.7083457
-1.8453216,5.0073938,4.7147611
-1.9571428,4.9991730,4.7170485
-2.0688951,4.9907759,4.7698819
-2.1804696,4.9825440,4.8207990
-2.2917572,4.9748188,4.8045979
-2.4026488,4.9679419,4.7730441
-2.5130354,4.9622546,4.6927420
-2.6228077,4.9580986,4.6169504
-2.7318569,4.9558154,4.5480281
-2.8400737,4.9557464,4.4837466
-2.9473492,4.9582333,4.4231960
-3.0535742,4.9636174,4.3695877
-3.1586397,4.9722403,4.3187801
-3.2624366,4.9844435,4.2713049
-3.3648558,5.0005686,4.2242106
-3.4657882,5.0209570,4.1732628
-3.5651248,5.0459502,4.1242735
-3.6627565,5.0758898,4.0838482
-3.7585763,5.1111121,4.0561818
-3.8525995,5.1516617,4.0530786
-3.9450259,5.1971412,4.0637081
-4.0360711,5.2471163,4.0880944
-4.1259503,5.3011526,4.1141050
-4.2148792,5.3588159,4.1409597
-4.3030729,5.4196719,4.1649575
-4.3907471,5.4832862,4.1883139
-4.4781171,5.5492245,4.2040937
-4.5653982,5.6170527,4.2200162
-4.6528061,5.6863363,4.2380706
-4.7405559,5.7566410,4.2177389
-4.8288633,5.8275326,4.1049201
-4.9179436,5.8985768,3.9984516
-5.0080121,5.9693392,3.8996967
-5.0992703,6.0393779,3.8052019
-5.1917156,6.1081408,3.7134329
-5.2851926,6.1749931,3.6294795
-5.3795424,6.2392982,3.5478951
-5.4746059,6.3004193,3.4745660
-5.5702241,6.3577196,3.4017551
-5.6662380,6.4105624,3.3271550
-5.7624885,6.4583110,3.2497188
-5.8588166,6.5003286,3.1632722
-5.9550633,6.5359785,3.0704536
-6.0510696,6.5646240,2.9680739
-6.1466763,6.5856283,2.9011895
-6.2417246,6.5983546,2.8621011
-6.3360553,6.6021663,2.8545767
-6.4295094,6.5964265,2.8592397
-6.5219127,6.5806351,2.8626093
-6.6130039,6.5550691,2.8657393
-6.7024911,6.5202801,2.8673592
-6.7900822,6.4768202,2.8699800
-6.8754854,6.4252414,2.8765044
-6.9584087,6.3660956,2.8886995
-7.0385600,6.2999349,2.9107848
-7.1156474,6.2273113,2.9393397
-7.1893789,6.1487768,2.9737772
-7.2594626,6.0648834,3.0097967
-7.3256065,5.9761832,3.0465537
-7.3875185,5.8832281,3.0844546
-7.4449068,5.7865701,3.1225834
-7.4974793,5.6867613,3.1663143
-7.5449440,5.5843537,3.2112829
-7.5870091,5.4798992,3.2626626
-7.6233855,5.3739477,3.3159812
-7.6539891,5.2668970,3.3734097
-7.6790636,5.1589017,3.4319956
-7.6988826,5.0500946,3.4918408
-7.7137193,4.9406082,3.5509590
-7.7238472,4.8305752,3.6096630
-7.7295397,4.7201284,3.6654718
-7.7310702,4.6094004,3.7205357
-7.7287121,4.4985237,3.7708306
-7.7227389,4.3876312,3.8202768
-7.7134239,4.2768554,3.8648067
-7.7010405,4.1663291,3.9078695
-7.6858622,4.0561848,3.9469460
-7.6681624,3.9465553,3.9839134
-7.6482144,3.8375732,4.0180455
-7.6262788,3.7293702,4.0497217
-7.6024097,3.6220609,4.0796474
-7.5764957,3.5157465,4.1070597
-7.5484206,3.4105279,4.1335933
-7.5180681,3.3065058,4.1578052
-7.4853222,3.2037811,4.1816531
-7.4500666,3.1024545,4.2037837
-7.4121852,3.0026268,4.2256830
-7.3715618,2.9043989,4.2467265
-7.3280801,2.8078715,4.2676348
-7.2816242,2.7131455,4.2883136
-7.2320776,2.6203216,4.3092465
-7.1793244,2.5295006,4.3304055
-7.1232483,2.4407834,4.3524723
-7.0637331,2.3542707,4.3749541
-7.0006933,2.2700522,4.3993040
-6.9342410,2.1881455,4.4240028
-6.8645666,2.1085399,4.4518648
-6.7918606,2.0312243,4.4803836
-6.7163135,1.9561879,4.5123969
-6.6381159,1.8834197,4.5423397
-6.5574583,1.8129089,4.5678029
-6.4745314,1.7446445,4.5932660
-6.3895255,1.6786157,4.6367492
-6.3026314,1.6148114,4.6891712
-6.2140395,1.5532208,4.7351759
-6.1239403,1.4938331,4.7816811
-6.0325245,1.4366372,4.8294916
-5.9399826,1.3816222,4.8741994
-5.8465050,1.3287773,4.9120856
-5.7522825,1.2780915,4.9499718
-5.6574920,1.2295488,5.0250270
-5.5621987,1.1830900,5.0935296
-5.4664120,1.1386349,5.1555360
-5.3701411,1.0961028,5.2391587
-5.2733951,1.0554131,5.2773663
-5.1761832,1.0164855,5.3155738
-5.0785143,0.9792392,5.3519317
-4.9803976,0.9435937,5.3880467
-4.8818423,0.9094685,5.4346590
-4.7828574,0.8767831,5.4850700
-4.6834521,0.8454568,5.5263257
-4.5836355,0.8154092,5.5663335
-4.4834166,0.7865596,5.6043325
-4.3828047,0.7588276,5.6424716
-4.2818088,0.7321326,5.6807278
-4.1804379,0.7063940,5.7102891
-4.0787013,0.6815313,5.7382216
-3.9766081,0.6574639,5.7662743
-3.8741673,0.6341113,5.7943780
-3.7713881,0.6113929,5.8168380
-3.6682796,0.5892282,5.8376976
-3.5648508,0.5675367,5.8604452
-3.4611110,0.5462377,5.8849912
-3.3570692,0.5252507,5.9166330
-3.2527345,0.5044952,5.9394287
-3.1481160,0.4838907,5.9568595
-3.0432229,0.4633565,5.9807689
-2.9380643,0.4428121,5.9839309
-2.8326492,0.4221771,5.9548413
-2.7269868,0.4013707,5.9254998
-2.6210891,0.3803515,5.8853417
-2.5149788,0.3592234,5.8451835
-2.4086811,0.3381246,5.7947898
-2.3022211,0.3171929,5.7418806
-2.1956240,0.2965664,5.6824839
-2.0889152,0.2763832,5.6337488
-1.9821197,0.2567813,5.5873217
-1.8752628,0.2378986,5.5496039
-1.7683696,0.2198732,5.5124869
-1.6614655,0.2028431,5.4708295
-1.5545755,0.1869463,5.4251715
-1.4477248,0.1723209,5.3742827
-1.3409388,0.1591048,5.3187893
-1.2342425,0.1474361,5.2706974
-1.1276612,0.1374528,5.2240683
-1.0212201,0.1292929,5.1661505
-0.9149444,0.1230945,5.1035385
-0.8088592,0.1189955,5.0397786
-0.7029898,0.1171340,4.9726886
-0.5973614,0.1176479,4.8994514
-0.4919992,0.1206754,4.8167677
-0.3869284,0.1263544,4.7389020
-0.2821741,0.1348229,4.6736136
-0.1777616,0.1462190,4.6143413
-0.0737162,0.1606806,4.5647318
0.0299371,0.1783458,4.5151222
0.1331731,0.1993527,4.4515973
0.2359664,0.2238392,4.3790082
0.3382920,0.2519433,4.2908386
0.4401245,0.2838031,4.1914306
