-0.8615966,0.1629232,7.5899718
-0.7411816,0.1592911,7.6220467
-0.6204868,0.1564580,7.6528105
-0.4995220,0.1544035,7.6823040
-0.3782972,0.1531071,7.7103567
-0.2568225,0.1525484,7.7367902
-0.1351077,0.1527070,7.7618557
-0.0131629,0.1535625,7.7852410
0.1090020,0.1550944,7.8021082
0.2313769,0.1572824,7.0180572
0.3539520,0.1601059,6.7673156
0.4767173,0.1635446,6.7307713
0.5996627,0.1675781,6.6769494
0.7227784,0.1721860,6.6172484
0.8460543,0.1773477,6.5572141
0.9694804,0.1830429,6.4968281
1.0930469,0.1892512,6.4357152
1.2167437,0.1959521,6.3735311
1.3405608,0.2031252,6.3102600
1.4644884,0.2107501,6.2459227
1.5885163,0.2188064,6.1803443
1.7126347,0.2272736,6.1131777
1.8368335,0.2361314,6.0441883
1.9611029,0.2453592,5.9736827
2.0854327,0.2549368,5.9016833
2.2098132,0.2648435,5.8275217
2.3342342,0.2750591,5.7516919
2.4586858,0.2855631,5.6746907
2.5831581,0.2963351,5.5966601
2.7076410,0.3073546,5.5175805
2.8321246,0.3186013,5.4374879
2.9565990,0.3300547,5.3567250
3.0810541,0.3416944,5.2754868
3.2054799,0.3534999,5.1937082
3.3298666,0.3654509,5.1113847
3.4542042,0.3775269,5.0286186
3.5784805,0.3897126,4.9454844
3.7026157,0.4021628,4.8619615
3.8264482,0.4152361,4.7778599
3.9498117,0.4293032,4.6929089
4.0725399,0.4447349,4.6070465
4.1944664,0.4619020,4.5201509
4.3154249,0.4811751,4.4319533
4.4352492,0.5029250,4.3422058
4.5537727,0.5275224,4.2507731
4.6708293,0.5553382,4.1576638
4.7862526,0.5867430,4.0627173
4.8998762,0.6221076,3.9660707
5.0115339,0.6618027,3.8679695
5.1210592,0.7061990,3.7689341
5.2282860,0.7556674,3.6693532
5.3330477,0.8105786,3.5696453
5.4351781,0.8713032,3.4702276
5.5345109,0.9382121,3.3711182
5.6308671,1.0115473,3.2718845
5.7240136,1.0910070,3.1724441
5.8137034,1.1761451,3.0749879
5.8996893,1.2665158,2.9806806
5.9817242,1.3616732,2.8899990
6.0595610,1.4611712,2.8045919
6.1329524,1.5645641,2.7226457
6.2016514,1.6714059,2.6403949
6.2654109,1.7812506,2.5566052
6.3239836,1.8936524,2.4806515
6.3771224,2.0081654,2.4296004
6.4245803,2.1243436,2.4114749
6.4661100,2.2417411,2.4207345
6.5014644,2.3599120,2.4564658
6.5303963,2.4784104,2.5305525
6.5526588,2.5967904,2.6477767
6.5680054,2.7146069,2.7897898
6.5763266,2.8315349,2.9320254
6.5777877,2.9474922,3.0676317
6.5725877,3.0624256,3.1946072
6.5609252,3.1762819,3.3110742
6.5429989,3.2890081,3.4162523
6.5190077,3.4005509,3.5069714
6.4891503,3.5108573,3.5818119
6.4536253,3.6198741,3.6436811
6.4126317,3.7275482,3.6933727
6.3663680,3.8338265,3.7322837
6.3150331,3.9386557,3.7636672
6.2588257,4.0419828,3.7899346
6.1979445,4.1437547,3.8120636
6.1325884,4.2439181,3.8308190
6.0629559,4.3424200,3.8471927
5.9892460,4.4392072,3.8620143
5.9116573,4.5342267,3.8757539
5.8303886,4.6274252,3.8887177
5.7456385,4.7187496,3.9012714
5.6576060,4.8081468,3.9137669
5.5664897,4.8955636,3.9263949
5.4724883,4.9809470,3.9393279
5.3758006,5.0642437,3.9527682
5.2766254,5.1454007,3.9669000
5.1751614,5.2243648,3.9818540
5.0716074,5.3010829,3.9978226
4.9661620,5.3755018,4.0149771
4.8590241,5.4475684,4.0336309
4.7503924,5.5172295,4.0538784
4.6404655,5.5844321,4.0757337
4.5294424,5.6491230,4.0993249
4.4175217,5.7112491,4.1252385
4.3049022,5.7707571,4.1539526
4.1917820,5.8275943,4.1850595
4.0782978,5.8817308,4.2183592
3.9644681,5.9331811,4.2540133
3.8502984,5.9819647,4.2932961
3.7357941,6.0281012,4.3471286
3.6209604,6.0716101,4.4593285
3.5058029,6.1125107,4.8262849
3.3903269,6.1508228,4.8807481
3.2745378,6.1865656,4.9076101
3.1584409,6.2197589,4.9515580
3.0420416,6.2504220,5.0226928
2.9253453,6.2785744,5.0864470
2.8083574,6.3042357,5.1242415
2.6910833,6.3274254,5.1588750
2.5735283,6.3481630,5.2045560
2.4556979,6.3664679,5.2607497
2.3375973,6.3823597,5.3116374
2.2192321,6.3958578,5.3458114
2.1006075,6.4069819,5.3803796
1.9817290,6.4157513,5.4311102
1.8626018,6.4221857,5.4900987
1.7432315,6.4263044,5.5466066
1.6236234,6.4281270,5.5943525
1.5037829,6.4276730,5.6311502
1.3837153,6.4249619,5.6620673
1.2634260,6.4200133,5.6949003
1.1429204,6.4128465,5.7366253
1.0222039,6.4034811,5.7942714
0.9012819,6.3919367,5.8702169
0.7801597,6.3782326,5.9553062
0.6588428,6.3623885,6.0279194
0.5373365,6.3444238,6.0769394
0.4156461,6.3243581,6.1177971
0.2937771,6.3022107,6.1585559
0.1717350,6.2780014,6.2037299
0.0495387,6.2517830,6.2678379
-0.0727606,6.2236857,6.3419116
-0.1951073,6.1938509,6.4154388
-0.3174457,6.1624201,6.4540358
-0.4397202,6.1295347,6.3701858
-0.5618751,6.0953361,6.0909076
-0.6838548,6.0599657,6.0687267
-0.8056036,6.0235649,6.1233660
-0.9270658,5.9862751,6.1913309
-1.0481859,5.9482378,6.2602207
-1.1689082,5.9095943,6.3222267
-1.2891769,5.8704860,6.3781852
-1.4089366,5.8310544,6.4353129
-1.5281314,5.7914409,6.4967971
-1.6467058,5.7517868,6.5601910
-1.7646042,5.7122336,6.6180882
-1.8817708,5.6729228,6.6664040
-1.9981500,5.6339956,6.7107306
-2.1136861,5.5955936,6.7386133
-2.2283236,5.5578580,6.7136436
-2.3420068,5.5209304,6.6304478
-2.4546799,5.4849522,6.5221231
-2.5662874,5.4500647,6.4143654
-2.6767737,5.4164094,6.3219547
-2.7860830,5.3841277,6.2322096
-2.8941596,5.3533609,6.1367448
-3.0009481,5.3242505,6.0837495
-3.1063927,5.2969380,6.0468235
-3.2104377,5.2715646,6.0089776
-3.3130275,5.2482719,5.9700574
-3.4141065,5.2272012,5.9192699
-3.5136190,5.2084940,5.8042806
-3.6115132,5.1922904,5.7142408
-3.7079009,5.1786789,5.6685077
-3.8031149,5.1676781,5.6328484
-3.8975036,5.1593016,5.5782731
-3.9914154,5.1535632,5.5279092
-4.0851989,5.1504764,5.4779573
-4.1792023,5.1500549,5.3860023
-4.2737741,5.1523124,5.2851848
-4.3692628,5.1572625,5.1566714
-4.4660168,5.1649189,5.0979049
-4.5643845,5.1752952,5.0613451
-4.6647143,5.1884051,5.0247853
-4.7673546,5.2042622,4.9485506
-4.8726539,5.2228802,4.8667741
-4.9809457,5.2442537,4.8086619
-5.0921743,5.2678823,4.7437507
-5.2058674,5.2927356,4.6788395
-5.3215324,5.3177574,4.6139283
-5.4386767,5.3418913,4.5490172
-5.5568076,5.3640810,4.4841060
-5.6754326,5.3832702,4.4390567
-5.7940590,5.3984026,4.3894313
-5.9121941,5.4084220,4.3203230
-6.0293453,5.4122719,4.2376775
-6.1450201,5.4088962,4.1567301
-6.2587257,5.3972384,4.0948923
-6.3699696,5.3762424,4.0414411
-6.4782593,5.3448532,3.9771754
-6.5831570,5.3025027,3.8925001
-6.6843584,5.2498104,3.7485962
-6.7815793,5.1875733,3.5816705
-6.8745354,5.1165887,3.4318756
-6.9629424,5.0376538,3.3152668
-7.0465160,4.9515657,3.2242232
-7.1249718,4.8591216,3.1247087
-7.1980258,4.7611186,2.9607497
-7.2653934,4.6583541,2.7542500
-7.3267905,4.5516250,2.5969420
-7.3819327,4.4417287,2.4751612
-7.4305359,4.3294623,2.3677917
-7.4723156,4.2156229,2.2695226
-7.5069876,4.1010078,2.1977448
-7.5342676,3.9864141,2.1933753
-7.5538713,3.8726390,2.2684561
-7.5655856,3.7603715,2.3525307
-7.5695420,3.6497768,2.4590986
-7.5659760,3.5408621,2.6159356
-7.5551232,3.4336344,2.7454210
-7.5372192,3.3281006,2.8283649
-7.5124995,3.2242679,2.9305359
-7.4811997,3.1221431,3.0655590
-7.4435555,3.0217334,3.1860220
-7.3998023,2.9230458,3.4549250
-7.3501758,2.8260872,3.9910666
-7.2949116,2.7308647,4.4198098
-7.2342452,2.6373854,4.5631421
-7.1684122,2.5456562,4.6980991
-7.0976482,2.4556842,4.8253107
-7.0221888,2.3674764,4.9450021
-6.9422695,2.2810397,5.0578206
-6.8581259,2.1963813,5.1641670
-6.7699937,2.1135082,5.4171889
-6.6781083,2.0324273,5.8414164
-6.5827054,1.9531457,5.9393330
-6.4840206,1.8756705,6.0326581
-6.3822894,1.8000085,6.1216209
-6.2777473,1.7261669,6.2062125
-6.1706301,1.6541527,6.2867774
-6.0611733,1.5839729,6.3640111
-5.9496123,1.5156345,6.4385737
-5.8361830,1.4491446,6.5105722
-5.7211207,1.3845101,6.5802331
-5.6046611,1.3217381,6.6479344
-5.4870397,1.2608356,6.7139705
-5.3684923,1.2018096,6.7785205
-5.2492542,1.1446671,6.8417624
-5.1295611,1.0894152,6.9039661
-5.0096487,1.0360610,6.9654466
-4.8897523,0.9846113,7.0264807
-4.7700711,0.9350675,7.0872393
-4.6506362,0.8874049,7.1477304
-4.5314316,0.8415912,7.2079983
-4.4124409,0.7975944,7.2683734
-4.2936479,0.7553822,7.3289868
-4.1750364,0.7149225,7.3897950
-4.0565901,0.6761831,7.4507614
-3.9382927,0.6391318,7.5119514
-3.8201280,0.6037364,7.5734541
-3.7020797,0.5699648,7.6352692
-3.5841316,0.5377848,7.6972959
-3.4662675,0.5071642,7.7594365
-3.3484710,0.4780708,7.8218020
-3.2307260,0.4504725,7.8843359
-3.1130161,0.4243371,7.9468831
-2.9953252,0.3996325,8.0093662
-2.8776369,0.3763263,8.0717786
-2.7599351,0.3543866,8.1340796
-2.6422034,0.3337810,8.1960910
-2.5244256,0.3144775,8.2575500
-2.4065855,0.2964438,8.3184917
-2.2886668,0.2796478,8.3787825
-2.1706533,0.2640573,8.4380139
-2.0525287,0.2496402,8.4961225
-1.9342767,0.2363642,8.5531881
-1.8158811,0.2241971,8.6091076
-1.6973257,0.2131069,8.6633182
-1.5785942,0.2030613,8.7158046
-1.4596703,0.1940282,8.7667626
-1.3405378,0.1859753,8.8159159
-1.2211804,0.1788706,8.8619643
-1.1015819,0.1726817,8.8817530
-0.9817261,0.1673767,8.0697296
-0.8615966,0.1629232,7.5899718
