-6.7654750,4.4296680,3.7579677
-6.5682435,4.4008938,3.7814957
-6.3697547,4.3845193,3.8044372
-6.1709254,4.3808647,3.8268160
-5.9725059,4.3899405,3.8487322
-5.7749443,4.4115383,3.8703671
-5.5790175,4.4452467,3.8920515
-5.3854094,4.4905254,3.9141611
-5.1944168,4.5468754,3.9370765
-5.0072740,4.6134690,3.9614102
-4.8238298,4.6899096,3.9874015
-4.6443763,4.7757138,4.0153345
-4.4692985,4.8703598,4.0454880
-4.2989338,4.9733268,4.0781447
-4.1335495,5.0841006,4.1136486
-3.9733383,5.2021757,4.1524667
-3.8184227,5.3270562,4.1952191
-3.6688622,5.4582543,4.2426171
-3.5246579,5.5952896,4.2952747
-3.3857584,5.7376904,4.3535433
-3.2520650,5.8849980,4.4172596
-3.1234449,6.0367765,4.4854280
-2.9997486,6.1926235,4.5563105
-2.8808286,6.3521785,4.6278828
-2.7665499,6.5151227,4.6985559
-2.6567898,6.6811725,4.7674971
-2.5514348,6.8500720,4.8345394
-2.4504017,7.0215339,4.9002013
-2.3535984,7.1952769,4.9653473
-2.2608056,7.3712497,5.0308471
-2.1718860,7.5492533,5.0973246
-2.0866887,7.7290956,5.1653214
-2.0050473,7.9105907,5.2353003
-1.9267786,8.0935586,5.3076481
-1.8516848,8.2778193,5.3829455
-1.7795279,8.4632555,5.4616039
-1.7100612,8.6497396,5.5433231
-1.6430325,8.8371184,5.6280576
-1.5781733,9.0252442,5.7156542
-1.5152009,9.2139765,5.8058503
-1.4538233,9.4031818,5.8982746
-1.3936946,9.5928967,5.9926046
-1.3345357,9.7829707,6.0880152
-1.2760848,9.9732349,6.1839628
-1.2180800,10.1635722,6.2800076
-1.1603977,10.3539801,6.3211692
-1.1030789,10.5444883,6.2641612
-1.0462379,10.7351146,6.1431322
-0.9900295,10.9259129,6.0203397
-0.9346299,11.1169362,5.8957929
-0.8801870,11.3083846,5.7694133
-0.8269608,11.5001581,5.6415401
-0.7752033,11.6923161,5.5124146
-0.7252127,11.8849268,5.3823295
-0.6773398,12.0780628,5.2515872
-0.6319883,12.2717967,5.1204679
-0.5896100,12.4661952,4.9891977
-0.5506971,12.6613108,4.8579218
-0.5157714,12.8571745,4.7266847
-0.4853712,13.0537873,4.5954171
-0.4600354,13.2511128,4.4639331
-0.4402837,13.4490715,4.3319403
-0.4265948,13.6475381,4.1990705
-0.4193815,13.8463414,4.0649387
-0.4189705,14.0452727,3.9292380
-0.4255989,14.2440855,3.7918800
-0.4394246,14.4425398,3.6532235
-0.4606227,14.6404562,3.5164916
-0.4896141,14.8374574,3.3871252
-0.5271104,15.0329983,3.2685663
-0.5739575,15.2264939,3.1603877
-0.6310608,15.4171733,3.0529711
-0.6994241,15.6040228,2.9355599
-0.7803617,15.7855965,2.7968351
-0.8758218,15.9596521,2.6258970
-0.9892650,16.1233419,2.4071625
-1.1241255,16.2694617,2.1463892
-1.2832729,16.3879106,1.8256465
-1.4669630,16.4622974,1.9581586
-1.6640761,16.4885025,2.1443753
-1.8621806,16.4765478,2.3035037
-2.0565961,16.4348279,2.4518126
-2.2440976,16.3691528,2.5974532
-2.4225875,16.2823862,2.7391047
-2.5896719,16.1751637,2.8733088
-2.7432234,16.0479715,2.9944249
-2.8816191,15.9062907,3.0999817
-3.0076405,15.7526700,3.1948216
-3.1223385,15.5900744,3.2813225
-3.2267632,15.4205656,3.3612776
-3.3218463,15.2455533,3.4360038
-3.4083436,15.0660552,3.5064790
-3.4868574,14.8828511,3.5734478
-3.5577460,14.6969237,3.6372636
-3.6214873,14.5086889,3.6984617
-3.6785788,14.3181114,3.7577009
-3.7292638,14.1255856,3.8128436
-3.7737617,13.9314839,3.8615129
-3.8123042,13.7361602,3.9010475
-3.8451036,13.5399355,3.9149160
-3.8722841,13.3427542,3.9633952
-3.8940152,13.1448267,4.0700616
-3.9127005,12.9466402,4.2089965
-3.9320880,12.7487941,4.3225296
-3.9546119,12.5509856,4.3871117
-3.9814780,12.3535142,4.4036552
-4.0132442,12.1568597,4.4006927
-4.0501068,11.9611928,4.4075818
-4.0920444,11.7666432,4.4339354
-4.1388766,11.5733150,4.4438165
-4.1902394,11.3811739,4.3851134
-4.2457139,11.1901461,4.2765165
-4.3050833,11.0003272,4.1530825
-4.3684142,10.8119175,4.0095895
-4.4362798,10.6252382,3.8408697
-4.5101705,10.4408602,3.6432395
-4.5927098,10.2599122,3.4169652
-4.6870924,10.0846552,3.1660009
-4.7961799,9.9184998,2.8953346
-4.9216028,9.7639714,2.6060161
-5.0622526,9.6232526,2.2913148
-5.2181643,9.4998476,1.9470020
-5.3910721,9.4018954,1.5556729
-5.5813686,9.3486421,1.3191231
-5.7793324,9.3636158,1.7830856
-5.9733953,9.4084016,2.2173492
-6.1677444,9.4507644,2.5662565
-6.3627732,9.4900233,2.8620688
-6.5586731,9.5241405,3.1247317
-6.7556420,9.5507212,3.3580883
-6.9537154,9.5672450,3.5544927
-7.1525875,9.5725736,3.5866131
-7.3515688,9.5664865,3.4981046
-7.5498807,9.5487942,3.3714772
-7.7467692,9.5192721,3.2555126
-7.9414345,9.4777959,3.1538730
-8.1330525,9.4243045,3.0629059
-8.3209035,9.3586780,2.9731739
-8.5040697,9.2808274,2.8785445
-8.6813584,9.1904363,2.8336474
-8.8515898,9.0874489,2.8349022
-9.0137583,8.9722919,2.8396312
-9.1669133,8.8455460,2.8490027
-9.3103000,8.7075787,2.8641877
-9.4429018,8.5590099,2.8848125
-9.5636072,8.4006279,2.9101855
-9.6713388,8.2331754,2.9397487
-9.7648673,8.0574388,2.9728140
-9.8426900,7.8742790,3.0085848
-9.9028866,7.6847428,3.0461535
-9.9430141,7.4902765,3.0844486
-9.9602100,7.2927358,3.1220481
-9.9514326,7.0936211,3.1562465
-9.9149171,6.8988089,3.1841148
-9.8529653,6.7099269,3.2021038
-9.7718135,6.5291777,3.2066589
-9.6753037,6.3555264,3.2039082
-9.5663004,6.1889921,3.1985503
-9.4468610,6.0296617,3.2013175
-9.3184732,5.8775031,3.2229246
-9.1822981,5.7323581,3.2617402
-9.0392755,5.5939979,3.3101907
-8.8901429,5.4622295,3.3611008
-8.7354663,5.3369562,3.4101331
-8.5756942,5.2181806,3.4554405
-8.4112067,5.1059812,3.4966451
-8.2423451,5.0004886,3.5340640
-8.0694255,4.9018717,3.5682680
-7.8927395,4.8103328,3.5998595
-7.7125505,4.7261144,3.6293724
-7.5290327,4.6494969,3.6572194
-7.3421653,4.5808096,3.6837143
-7.1524046,4.5207126,3.7092024
-6.9600368,4.4699767,3.7338847
-6.7654750,4.4296680,3.7579677
