-6.7195282,4.4253237,5.1758176
-6.6462032,4.4172595,5.1893366
-6.5731028,4.4107430,5.2028556
-6.5002361,4.4057580,5.2163004
-6.4276124,4.4022883,5.2294867
-6.3552406,4.4003179,5.2426731
-6.2831300,4.3998305,5.2557223
-6.2112897,4.4008100,5.2686033
-6.1397288,4.4032404,5.2814842
-6.0684566,4.4071054,5.2941877
-5.9974820,4.4123890,5.3068073
-5.9268144,4.4190750,5.3194269
-5.8564628,4.4271472,5.3318528
-5.7864364,4.4365896,5.3442600
-5.7167442,4.4473861,5.3566581
-5.6473956,4.4595203,5.3690016
-5.5783995,4.4729764,5.3813451
-5.5097652,4.4877380,5.3937271
-5.4415017,4.5037891,5.4061733
-5.3736183,4.5211135,5.4186196
-5.3061241,4.5396952,5.4312244
-5.2390281,4.5595179,5.4439330
-5.1723397,4.5805655,5.4566417
-5.1060678,4.6028220,5.4698308
-5.0402217,4.6262711,5.4831180
-4.9748105,4.6508968,5.4964463
-4.9098433,4.6766829,5.5103724
-4.8453293,4.7036132,5.5242985
-4.7812776,4.7316717,5.5384583
-4.7176974,4.7608422,5.5531757
-4.6545978,4.7911085,5.5678931
-4.5919879,4.8224546,5.5831050
-4.5298769,4.8548643,5.5987665
-4.4682740,4.8883215,5.6144279
-4.4071883,4.9228100,5.6309238
-4.3466288,4.9583137,5.6476966
-4.2866049,4.9948164,5.6644694
-4.2271255,5.0323021,5.6825299
-4.1682000,5.0707546,5.7006201
-4.1098373,5.1101578,5.7190348
-4.0520466,5.1504954,5.7387130
-3.9948372,5.1917515,5.7583913
-3.9382180,5.2339099,5.7789013
-3.8821984,5.2769544,5.8005059
-3.8267874,5.3208689,5.8221105
-3.7719941,5.3656372,5.8452237
-3.7178277,5.4112433,5.8691142
-3.6642974,5.4576710,5.8930048
-3.6114123,5.5049041,5.9191630
-3.5591815,5.5529266,5.9456053
-3.5076141,5.6017223,5.9723563
-3.4567194,5.6512750,6.0014196
-3.4065065,5.7015686,6.0304830
-3.3569845,5.7525871,6.1372221
-3.3081625,5.8043142,6.3901217
-3.2600497,5.8567339,6.6430214
-3.2126553,5.9098299,6.7711930
-3.1659883,5.9635862,6.8076182
-3.1200580,6.0179866,6.8440433
-3.0748715,6.0730153,6.8810904
-3.0304226,6.1286578,6.9182879
-2.9866988,6.1849005,6.9554759
-2.9436876,6.2417299,6.9923903
-2.9013767,6.2991323,7.0293047
-2.8597536,6.3570941,7.0659950
-2.8188058,6.4156016,7.1020542
-2.7785209,6.4746412,7.1381134
-2.7388865,6.5341993,7.1737102
-2.6998902,6.5942623,7.2088255
-2.6615195,6.6548165,7.2439408
-2.6237619,6.7158483,7.2785149
-2.5866051,6.7773441,7.3128757
-2.5500366,6.8392902,7.3472365
-2.5140439,6.9016731,7.3811913
-2.4786147,6.9644791,7.4151222
-2.4437364,7.0276946,7.4490557
-2.4093968,7.0913059,7.4830017
-2.3755832,7.1552994,7.5169478
-2.3422833,7.2196615,7.5510719
-2.3094847,7.2843786,7.5854629
-2.2771748,7.3494370,7.6198539
-2.2453414,7.4148231,7.6547032
-2.2139718,7.4805233,7.6898225
-2.1830538,7.5465240,7.7249418
-2.1525749,7.6128115,7.7608995
-2.1225225,7.6793722,7.7969961
-2.0928844,7.7461925,7.8331946
-2.0636480,7.8132587,7.8704765
-2.0348009,7.8805573,7.9077585
-2.0063307,7.9480746,7.9454659
-1.9782249,8.0157969,7.9841043
-1.9504712,8.0837106,8.0227427
-1.9230570,8.1518022,8.0621910
-1.8959699,8.2200580,8.1023250
-1.8691976,8.2884643,8.1424589
-1.8427275,8.3570076,8.1840508
-1.8165472,8.4256742,8.2260791
-1.7906443,8.4944504,8.2681074
-1.7650064,8.5633227,8.3118897
-1.7396210,8.6322775,8.3556757
-1.7144757,8.7013010,8.2842352
-1.6895580,8.7703797,7.8177652
-1.6648555,8.8395000,7.3512952
-1.6403557,8.9086482,7.1142536
-1.6160463,8.9778106,7.1535879
-1.5919148,9.0469738,7.1929222
-1.5679488,9.1161239,7.2331985
-1.5441358,9.1852475,7.2739153
-1.5204634,9.2543309,7.3146320
-1.4969191,9.3233604,7.3564007
-1.4734905,9.3923225,7.3982740
-1.4501652,9.4612034,7.4402112
-1.4269308,9.5299897,7.4825465
-1.4037747,9.5986676,7.5248819
-1.3806846,9.6672235,7.5673618
-1.3576481,9.7356438,7.6100901
-1.3346526,9.8039149,7.6528183
-1.3116866,9.8720239,7.6956949
-1.2887500,9.9399715,7.7386724
-1.2658520,10.0077682,7.7816499
-1.2430021,10.0754252,7.8220927
-1.2202096,10.1429535,7.8619859
-1.1974838,10.2103641,7.8991001
-1.1748343,10.2776681,7.8829941
-1.1522705,10.3448764,7.8668882
-1.1298016,10.4120002,7.8396486
-1.1074372,10.4790504,7.7834627
-1.0851867,10.5460381,7.7272767
-1.0630593,10.6129743,7.6705088
-1.0410646,10.6798701,7.6131729
-1.0192120,10.7467365,7.5558371
-0.9975108,10.8135845,7.4976384
-0.9759704,10.8804251,7.4391283
-0.9546003,10.9472695,7.3806181
-0.9334098,11.0141286,7.3209514
-0.9124084,11.0810134,7.2612411
-0.8916054,11.1479350,7.2012951
-0.8710104,11.2149044,7.1403614
-0.8506325,11.2819327,7.0794277
-0.8304814,11.3490309,7.0179665
-0.8105663,11.4162101,6.9557824
-0.7908966,11.4834812,6.8935982
-0.7714819,11.5508553,6.6876684
-0.7523314,11.6183434,6.4046187
-0.7334546,11.6859565,6.1215690
-0.7148609,11.7537058,6.0354755
-0.6965597,11.8216022,5.9766371
-0.6785603,11.8896568,5.9176848
-0.6608723,11.9578806,5.8577749
-0.6435049,12.0262846,5.7978650
-0.6264677,12.0948799,5.7376358
-0.6097699,12.1636774,5.6767709
-0.5934210,12.2326884,5.6159060
-0.5774305,12.3019236,5.5546219
-0.5618076,12.3713943,5.4930119
-0.5465618,12.4411114,5.4314020
-0.5317026,12.5110860,5.3694654
-0.5172393,12.5813291,5.3074424
-0.5031813,12.6518518,5.2454205
-0.4895380,12.7226650,5.1834542
-0.4763188,12.7937798,5.1214879
-0.4635331,12.8652072,5.0596759
-0.4511904,12.9369584,4.9983316
-0.4393000,13.0090442,4.9369874
-0.4278714,13.0814758,4.8762084
-0.4169138,13.1542641,4.8160505
-0.4064369,13.2274203,4.7558925
-0.3964498,13.3009553,4.6969051
-0.3869621,13.3748802,4.6384071
-0.3779831,13.4492060,4.5799092
-0.3695223,13.5239437,4.5232721
-0.3615891,13.5991044,4.4667669
-0.3541927,13.6746992,4.4106427
-0.3473428,13.7507390,4.3564814
-0.3410486,13.8272348,4.3023201
-0.3353203,13.9041966,4.2503919
-0.3301977,13.9815861,4.2019361
-0.3257600,14.0593008,4.1534804
-0.3220892,14.1372342,4.1092865
-0.3192673,14.2152795,4.0677014
-0.3173763,14.2933299,4.0261162
-0.3164980,14.3712787,3.9865084
-0.3167145,14.4490193,3.9472513
-0.3181078,14.5264448,3.9077488
-0.3207599,14.6034486,3.8653594
-0.3247526,14.6799240,3.8229700
-0.3301679,14.7557641,3.7783971
-0.3370879,14.8308624,3.7288693
-0.3455945,14.9051120,3.6793414
-0.3557697,14.9784062,3.6248124
-0.3676954,15.0506383,3.5658891
-0.3814536,15.1217017,3.5069658
-0.3971263,15.1914895,3.4413589
-0.4147954,15.2598950,3.3736286
-0.4345430,15.3268115,3.3058983
-0.4564509,15.3921323,3.2299384
-0.4806012,15.4557507,3.1538590
-0.5070759,15.5175599,3.0754936
-0.5359568,15.5774533,2.9886722
-0.5673260,15.6353240,2.9018509
-0.6012654,15.6910654,2.8083447
-0.6378570,15.7445707,2.7063452
-0.6771828,15.7957332,2.6043456
-0.7193109,15.8444431,2.4866164
-0.7641499,15.8905538,2.3611083
-0.8115063,15.9338954,2.2356003
-0.8611847,15.9742976,2.1420556
-0.9129898,16.0115902,2.0520496
-0.9667265,16.0456027,1.9812552
-1.0221994,16.0761651,2.0309218
-1.0792132,16.1031068,2.0805885
-1.1375728,16.1262577,2.1387385
-1.1970827,16.1454474,2.2108405
-1.2575477,16.1605056,2.2829424
-1.3187725,16.1712620,2.3331764
-1.3805619,16.1775464,2.3691335
-1.4427206,16.1791884,2.4050906
-1.5050623,16.1760585,2.4182247
-1.5674598,16.1682962,2.4268490
-1.6298102,16.1561506,2.4395227
-1.6920103,16.1398708,2.4955565
-1.7539573,16.1197063,2.5515902
-1.8155482,16.0959062,2.6170873
-1.8766799,16.0687198,2.7046580
-1.9372494,16.0383963,2.7922287
-1.9971538,16.0051851,2.8741553
-2.0562902,15.9693354,2.9511653
-2.1145554,15.9310965,3.0281754
-2.1718466,15.8907176,3.1049222
-2.2280607,15.8484480,3.1815921
-2.2830947,15.8045370,3.2582440
-2.3368677,15.7591972,3.3331741
-2.3893842,15.7124984,3.4081042
-2.4406693,15.6644763,3.4807547
-2.4907482,15.6151663,3.5465541
-2.5396462,15.5646040,3.6123535
-2.5873883,15.5128248,3.6745858
-2.6339997,15.4598642,3.7330910
-2.6795057,15.4057578,3.7915961
-2.7239314,15.3505411,3.8474072
-2.7673020,15.2942495,3.9021702
-2.8096427,15.2369185,3.9569332
-2.8509786,15.1785838,4.0100296
-2.8913349,15.1192806,4.0630273
-2.9307368,15.0590447,4.1158913
-2.9692096,14.9979114,4.1680987
-3.0067783,14.9359162,4.2203061
-3.0434681,14.8730947,4.1155605
-3.0793042,14.8094824,3.7712250
-3.1143119,14.7451148,3.4268894
-3.1485162,14.6800273,3.3208966
-3.1819424,14.6142555,3.3596792
-3.2146157,14.5478349,3.3984618
-3.2465611,14.4808010,3.4372121
-3.2778040,14.4131892,3.4759567
-3.3083694,14.3450351,3.5147020
-3.3382826,14.2763742,3.5534570
-3.3675687,14.2072420,3.5922121
-3.3962530,14.1376740,3.6310038
-3.4243605,14.0677057,3.6698838
-3.4519165,13.9973725,3.7087637
-3.4789461,13.9267101,3.7475167
-3.5054746,13.8557538,3.7861536
-3.5315271,13.7845393,3.8247905
-3.5571287,13.7131019,3.8630995
-3.5823048,13.6414772,3.9013002
-3.6070803,13.5697008,3.9395009
-3.6314806,13.4978080,4.2626683
-3.6555308,13.4258344,4.5921093
-3.6792561,13.3538156,4.8634035
-3.7026817,13.2817870,4.9083432
-3.7258327,13.2097840,4.9532828
-3.7487343,13.1378423,4.9980111
-3.7714117,13.0659973,5.0424609
-3.7938901,12.9942846,5.0869108
-3.8161946,12.9227395,5.1309372
-3.8383505,12.8513977,5.1747456
-3.8603828,12.7802946,5.2185540
-3.8823169,12.7094657,5.2583531
-3.9041779,12.6389465,5.2976314
-3.9259909,12.5687726,5.3323719
-3.9477811,12.4989794,5.3302890
-3.9695738,12.4296024,5.3282061
-3.9913940,12.3606772,5.3105375
-4.0132670,12.2922392,5.2620557
-4.0352179,12.2243239,5.2135739
-4.0572720,12.1569669,5.1640356
-4.0794544,12.0902036,5.1136832
-4.1017902,12.0240696,5.0633308
-4.1242961,11.9585974,5.0110499
-4.1469241,11.8937983,4.9582764
-4.1695972,11.8296736,4.9054084
-4.1922381,11.7662248,4.8495168
-4.2147696,11.7034532,4.7936253
-4.2371145,11.6413603,4.7368980
-4.2591955,11.5799474,4.6777370
-4.2809355,11.5192159,4.6185759
-4.3022572,11.4591672,4.5575124
-4.3230834,11.3998027,4.4944136
-4.3433368,11.3411239,4.4313148
-4.3629403,11.2831319,4.3646424
-4.3818167,11.2258284,4.2965424
-4.3998886,11.1692146,4.2284424
-4.4170789,11.1132919,4.1543877
-4.4333104,11.0580618,4.0799519
-4.4485060,11.0035256,3.9650625
-4.4626297,10.9496781,3.6474670
-4.4757469,10.8964979,3.3298714
-4.4879383,10.8439611,3.1409852
-4.4992842,10.7920439,3.1009263
-4.5098653,10.7407225,3.0608675
-4.5197621,10.6899731,3.0208086
-4.5290552,10.6397717,2.9807498
-4.5378251,10.5900946,2.9420627
-4.5461524,10.5409179,2.9062147
-4.5541176,10.4922178,2.8703666
-4.5618012,10.4439704,2.8345186
-4.5692839,10.3961520,2.7986705
-4.5766462,10.3487386,2.7628225
-4.5839686,10.3017065,2.7253258
-4.5913317,10.2550317,2.6816526
-4.5988160,10.2086906,2.6379793
-4.6065020,10.1626591,2.5943060
-4.6144704,10.1169136,2.5506327
-4.6228017,10.0714301,2.5069531
-4.6315764,10.0261848,2.4630849
-4.6408751,9.9811539,2.4192166
-4.6507784,9.9363135,2.3753484
-4.6613667,9.8916398,2.3314802
-4.6727206,9.8471090,2.2876120
-4.6849188,9.8027123,2.0943449
-4.6980249,9.7585553,2.0053377
-4.7120959,9.7147955,1.9602183
-4.7271886,9.6715910,1.9150990
-4.7433600,9.6290997,1.8699796
-4.7606669,9.5874795,1.8248603
-4.7791662,9.5468883,1.7858563
-4.7989148,9.5074842,1.7657049
-4.8199697,9.4694251,1.7455535
-4.8423876,9.4328688,1.7254021
-4.8662255,9.3979734,1.7052507
-4.8915403,9.3648968,1.6850993
-4.9183889,9.3337969,1.6649479
-4.9468281,9.3048317,1.6447965
-4.9769149,9.2781591,1.6246451
-5.0087061,9.2539371,1.6044937
-5.0422586,9.2323236,1.5843423
-5.0776293,9.2134766,1.5639169
-5.1148619,9.1975036,1.5371382
-5.1539533,9.1843346,1.5103596
-5.1948899,9.1738603,1.4835809
-5.2376583,9.1659713,1.4568023
-5.2822450,9.1605582,1.4300236
-5.3286366,9.1575117,1.4032450
-5.3768196,9.1567224,1.3764663
-5.4267805,9.1580810,1.3496877
-5.4785058,9.1614781,1.3229090
-5.5319821,9.1668045,1.2961304
-5.5871960,9.1739506,1.2693517
-5.6441339,9.1828073,1.2719096
-5.7027823,9.1932650,1.2982321
-5.7631279,9.2052146,1.3245547
-5.8251571,9.2185465,1.3508773
-5.8888565,9.2331516,1.3771998
-5.9542126,9.2489203,1.4035224
-6.0212064,9.2657398,1.5428721
-6.0897598,9.2834581,1.7319967
-6.1597598,9.3019004,1.9211212
-6.2310926,9.3208912,2.1102458
-6.3036446,9.3402552,2.2993703
-6.3773020,9.3598172,2.4884949
-6.4519512,9.3794017,2.6776194
-6.5274785,9.3988335,2.7076524
-6.6037702,9.4179372,2.7369102
-6.6807126,9.4365375,2.7661680
-6.7581921,9.4544591,2.7954258
-6.8360950,9.4715266,2.8246836
-6.9143075,9.4875647,2.8539414
-6.9927161,9.5023982,2.8928156
-7.0712069,9.5158516,2.9323603
-7.1496664,9.5277497,2.9648286
-7.2279809,9.5379170,2.9608954
-7.3060366,9.5461784,2.9569623
-7.3837200,9.5523584,2.9398850
-7.4609172,9.5562818,2.9021861
-7.5375146,9.5577731,2.8644871
-7.6134020,9.5566661,2.8293115
-7.6885162,9.5529198,2.7957107
-7.7628291,9.5465859,2.7621098
-7.8363134,9.5377186,2.7314157
-7.9089417,9.5263716,2.7012645
-7.9806867,9.5125991,2.6712237
-8.0515211,9.4964549,2.6426321
-8.1214175,9.4779930,2.6140404
-8.1903486,9.4572674,2.5852407
-8.2582872,9.4343321,2.5559547
-8.3252057,9.4092410,2.5266688
-8.3910770,9.3820481,2.5063502
-8.4558737,9.3528073,2.4940649
-8.5195684,9.3215725,2.4817795
-8.5821338,9.2883979,2.7030781
-8.6435427,9.2533373,3.0000699
-8.7037676,9.2164447,3.2970616
-8.7627812,9.1777741,3.3009290
-8.8205562,9.1373793,3.2998448
-8.8770653,9.0953145,3.2987648
-8.9322811,9.0516335,3.2977003
-8.9861763,9.0063903,3.2966357
-9.0387236,8.9596389,3.2957905
-9.0898956,8.9114333,3.2952220
-9.1396650,8.8618273,3.2946535
-9.1880046,8.8108750,3.2954799
-9.2348868,8.7586304,3.2969881
-9.2802845,8.7051473,3.2984962
-9.3241702,8.6504798,3.3030252
-9.3665168,8.5946818,3.3078976
-9.4072967,8.5378073,3.3132445
-9.4464827,8.4799103,3.3219398
-9.4840475,8.4210447,3.3306351
-9.5199637,8.3612644,3.3404673
-9.5542040,8.3006235,3.3524065
-9.5867410,8.2391759,3.3643457
-9.6175475,8.1769756,3.3773876
-9.6465961,8.1140765,3.3912379
-9.6738595,8.0505326,3.4050881
-9.6993103,7.9863978,3.4192599
-9.7229212,7.9217262,3.4335100
-9.7446649,7.8565717,3.4477361
-9.7645140,7.7909882,3.4612285
-9.7824412,7.7250298,3.4747210
-9.7984192,7.6587503,3.4878587
-9.8124207,7.5922038,3.4999915
-9.8244183,7.5254441,3.5121243
-9.8343846,7.4585254,3.5235214
-9.8422925,7.3915015,3.5341640
-9.8481144,7.3244263,3.5448067
-9.8518232,7.2573540,3.7432746
-9.8533914,7.1903383,4.0098895
-9.8527917,7.1234334,4.2765044
-9.8499968,7.0566931,4.2967449
-9.8449794,6.9901714,4.3065065
-9.8377122,6.9239223,4.3161261
-9.8281677,6.8579998,4.3251663
-9.8163187,6.7924577,4.3342066
-9.8021389,6.7273497,4.3432290
-9.7856336,6.6627144,4.3522276
-9.7668470,6.5985728,4.3612262
-9.7458252,6.5349445,4.3706810
-9.7226145,6.4718495,4.3803642
-9.6972612,6.4093075,4.3900473
-9.6698113,6.3473384,4.4007684
-9.6403113,6.2859621,4.4116042
-9.6088073,6.2251982,4.4226266
-9.5753456,6.1650666,4.4349110
-9.5399723,6.1055872,4.4471953
-9.5027338,6.0467798,4.4600348
-9.4636764,5.9886641,4.4738815
-9.4228461,5.9312601,4.4877282
-9.3802893,5.8745874,4.5024350
-9.3360521,5.8186660,4.5177595
-9.2901809,5.7635157,4.5330840
-9.2427219,5.7091562,4.5493993
-9.1937213,5.6556073,4.5659479
-9.1432253,5.6028890,4.5825292
-9.0912803,5.5510210,4.5999586
-9.0379323,5.5000232,4.6173881
-8.9832277,5.4499153,4.6349564
-8.9272127,5.4007172,4.6529104
-8.8699336,5.3524486,4.6708644
-8.8114365,5.3051295,4.6889197
-8.7517677,5.2587796,4.7070796
-8.6909735,5.2134187,4.7252396
-8.6291001,5.1690667,4.7433613
-8.5661937,5.1257434,4.7614679
-8.5023005,5.0834685,4.7795746
-8.4374669,5.0422620,4.7974443
-8.3717390,5.0021436,4.8153001
-8.3051630,4.9631332,4.8330886
-8.2377853,4.9252505,4.8505511
-8.1696521,4.8885154,4.8680136
-8.1008095,4.8529476,4.8852809
-8.0313039,4.8185671,4.9022534
-7.9611814,4.7853937,4.9192258
-7.8904883,4.7534471,4.9358542
-7.8192709,4.7227471,4.9522774
-7.7475754,4.6933136,4.9687006
-7.6754479,4.6651665,4.9846092
-7.6029348,4.6383254,5.0004311
-7.5300824,4.6128103,5.0162016
-7.4569367,4.5886409,5.0314194
-7.3835441,4.5658372,5.0466372
-7.3099509,4.5444188,5.0616929
-7.2362031,4.5244056,5.0763907
-7.1623472,4.5058174,5.0910885
-7.0884292,4.4886741,5.1055424
-7.0144956,4.4729954,5.1197875
-6.9405924,4.4588012,5.1340326
-6.8667660,4.4461113,5.1480142
-6.7930625,4.4349455,5.1619159
-6.7195282,4.4253237,5.1758176
